{"af": 0.0007333327283697731, "am": 0.0010623019503734701, "ar": 0.013725914964426272, "as": 0.00045590863909595485, "az": 0.0017442793653498225, "ba": 0.000750160457243786, "be": 0.0013009114767599111, "bg": 0.006998432156313129, "bn": 0.005290274440961665, "ca": 0.005101554121033017, "cs": 0.016186024423717693, "cy": 0.001437155829361387, "da": 0.008907371601921978, "de": 0.05668921273282838, "el": 0.011461150533901749, "en": 0.07774842540774855, "eo": 0.0016391504442982196, "es": 0.049439536626709225, "et": 0.0031224099898555123, "eu": 0.0024594441795048423, "fa": 0.013953277283071162, "fi": 0.008391262299930504, "fr": 0.054115936934092036, "ga": 0.0009402556328634208, "gl": 0.0030502566392744132, "gu": 0.0007749236146139098, "he": 0.0060079329864722855, "hi": 0.004711682149004966, "hr": 0.0030658227678353853, "hu": 0.011150250108005496, "hy": 0.0014942876948334217, "id": 0.015858736056504896, "is": 0.0014842021059477686, "it": 0.033458488299656475, "ja": 0.058330820275565666, "ka": 0.0016081732309705464, "kk": 0.0013499823138314927, "km": 0.0005952528054522874, "kn": 0.000680735615575679, "ko": 0.03245049703308298, "ky": 0.0011666896964202197, "la": 0.001146722839350179, "lo": 0.0005958550408289794, "lt": 0.004422080399505756, "lv": 0.0028782289866437004, "mk": 0.0011981852478461885, "ml": 0.001999073691647473, "mn": 0.0009196207574555138, "mr": 0.0009462861632376594, "ms": 0.001742371107430199, "mt": 0.0008591427222215941, "my": 0.0009342545696725838, "ne": 0.0009798786923141132, "nl": 0.022555830719961527, "nn": 0.0014014650660579308, "no": 0.007587738805945983, "or": 0.0007930714966834381, "pa": 0.0015362009248221294, "pl": 0.024755854462372596, "ps": 0.0011343606766858615, "pt": 0.029455688970035084, "ro": 0.012351097414902909, "ru": 0.07354039207382401, "sa": 0.0005571450795052755, "sd": 0.0007011857462973652, "si": 0.0019735710352685645, "sk": 0.015295899758060573, "sl": 0.008774499420999107, "sq": 0.005160592275083608, "sr": 0.008338824711914538, "sv": 0.04082890499170041, "sw": 0.001015748647926847, "ta": 0.006743962664860061, "te": 0.00302421037569351, "tg": 0.001986471842057818, "th": 0.019243902094347214, "tl": 0.0026602928808626128, "tr": 0.03933632657030434, "tt": 0.0017431588971778302, "ug": 0.0006779147535899702, "uk": 0.011033188026705833, "ur": 0.004105443787899111, "uz": 0.0006583768655562142, "vi": 0.04341890138398291, "yi": 0.0008123104164024349, "zh": 0.0672833493315794}